{"cameraMode":{"drawMode":0,"name":"Shaded","section":"Shading Mode"},"sceneLighting":false,"audioPlay":false,"sceneViewState":{"showFog":true,"showMaterialUpdate":false,"showSkybox":false,"showFlares":true,"showImageEffects":true,"showParticleSystems":true},"in2DMode":false,"pivot":{"x":-0.0555419921875,"y":0.2303314208984375,"z":0.129364013671875},"rotation":{"x":0.04991088807582855,"y":0.7754449844360352,"z":-0.06177602708339691,"w":0.6264434456825256},"size":0.7147344946861267,"orthographic":true}