{"cameraMode":{"drawMode":0,"name":"Shaded","section":"Shading Mode"},"sceneLighting":false,"audioPlay":false,"sceneViewState":{"showFog":true,"showMaterialUpdate":false,"showSkybox":false,"showFlares":true,"showImageEffects":true,"showParticleSystems":true},"in2DMode":false,"pivot":{"x":-209.3419647216797,"y":-6.929644584655762,"z":132.67312622070313},"rotation":{"x":0.014352332800626755,"y":0.9821174740791321,"z":-0.1680813729763031,"w":0.08387471735477448},"size":0.9957742094993591,"orthographic":false}