{"cameraMode":{"drawMode":0,"name":"Shaded","section":"Shading Mode"},"sceneLighting":false,"audioPlay":false,"sceneViewState":{"showFog":true,"showMaterialUpdate":false,"showSkybox":false,"showFlares":true,"showImageEffects":true,"showParticleSystems":true},"in2DMode":false,"pivot":{"x":-0.02239990234375,"y":0.188232421875,"z":0.00091552734375},"rotation":{"x":-0.011870688758790493,"y":0.9832456707954407,"z":0.06943544745445252,"w":0.16828535497188569},"size":1.7460741996765137,"orthographic":true}