{"cameraMode":{"drawMode":0,"name":"Shaded","section":"Shading Mode"},"sceneLighting":false,"audioPlay":false,"sceneViewState":{"showFog":true,"showMaterialUpdate":false,"showSkybox":false,"showFlares":true,"showImageEffects":true,"showParticleSystems":true},"in2DMode":false,"pivot":{"x":-0.03173828125,"y":0.3096923828125,"z":0.17926025390625},"rotation":{"x":0.04991088807582855,"y":0.7754449844360352,"z":-0.06177602708339691,"w":0.6264434456825256},"size":1.737461805343628,"orthographic":true}