{"cameraMode":{"drawMode":0,"name":"Shaded","section":"Shading Mode"},"sceneLighting":false,"audioPlay":false,"sceneViewState":{"showFog":true,"showMaterialUpdate":false,"showSkybox":false,"showFlares":true,"showImageEffects":true,"showParticleSystems":true},"in2DMode":false,"pivot":{"x":0.0,"y":2.3299999237060549,"z":0.026000063866376878},"rotation":{"x":0.056324269622564319,"y":-0.6889219880104065,"z":0.05384578928351402,"w":0.7206425070762634},"size":3.5328946113586427,"orthographic":false}