{"cameraMode":{"drawMode":0,"name":"Shaded","section":"Shading Mode"},"sceneLighting":false,"audioPlay":false,"sceneViewState":{"showFog":true,"showMaterialUpdate":false,"showSkybox":false,"showFlares":true,"showImageEffects":true,"showParticleSystems":true},"in2DMode":false,"pivot":{"x":1.6105825901031495,"y":-0.453328013420105,"z":-2.719522714614868},"rotation":{"x":0.1423107087612152,"y":-0.7475786805152893,"z":0.16992273926734925,"w":0.6260994076728821},"size":0.33738887310028078,"orthographic":false}