{"cameraMode":{"drawMode":0,"name":"Shaded","section":"Shading Mode"},"sceneLighting":false,"audioPlay":false,"sceneViewState":{"showFog":true,"showMaterialUpdate":false,"showSkybox":false,"showFlares":true,"showImageEffects":true,"showParticleSystems":true},"in2DMode":false,"pivot":{"x":-0.00004900991916656494,"y":0.15735509991645814,"z":-8.572028160095215},"rotation":{"x":0.08013833314180374,"y":-0.6758105158805847,"z":0.07429850101470947,"w":0.728929340839386},"size":0.9749150276184082,"orthographic":false}