{"cameraMode":{"drawMode":0,"name":"Shaded","section":"Shading Mode"},"sceneLighting":false,"audioPlay":false,"sceneViewState":{"showFog":true,"showMaterialUpdate":false,"showSkybox":false,"showFlares":true,"showImageEffects":true,"showParticleSystems":true},"in2DMode":false,"pivot":{"x":0.0174560546875,"y":0.2227630615234375,"z":0.1558837890625},"rotation":{"x":-0.013666900806128979,"y":0.9854001998901367,"z":0.09638356417417526,"w":0.1398806869983673},"size":0.6182409524917603,"orthographic":true}