{"cameraMode":{"drawMode":0,"name":"Shaded","section":"Shading Mode"},"sceneLighting":false,"audioPlay":false,"sceneViewState":{"showFog":true,"showMaterialUpdate":false,"showSkybox":true,"showFlares":true,"showImageEffects":true,"showParticleSystems":true},"in2DMode":false,"pivot":{"x":-202.48672485351563,"y":1.9684523344039918,"z":79.63703918457031},"rotation":{"x":0.1965062916278839,"y":-0.7537528276443481,"z":0.25945809483528139,"w":0.5709583163261414},"size":-1.6902477741241456,"orthographic":false}