{"cameraMode":{"drawMode":0,"name":"Shaded","section":"Shading Mode"},"sceneLighting":false,"audioPlay":false,"sceneViewState":{"showFog":true,"showMaterialUpdate":false,"showSkybox":false,"showFlares":true,"showImageEffects":true,"showParticleSystems":true},"in2DMode":false,"pivot":{"x":-0.142333984375,"y":0.166259765625,"z":0.0645751953125},"rotation":{"x":0.04991088807582855,"y":0.7754449844360352,"z":-0.06177602708339691,"w":0.6264434456825256},"size":0.7046535611152649,"orthographic":true}