{"cameraMode":{"drawMode":0,"name":"Shaded","section":"Shading Mode"},"sceneLighting":false,"audioPlay":false,"sceneViewState":{"showFog":true,"showMaterialUpdate":false,"showSkybox":false,"showFlares":true,"showImageEffects":true,"showParticleSystems":true},"in2DMode":false,"pivot":{"x":-0.5819999575614929,"y":0.8675930500030518,"z":-0.393000066280365},"rotation":{"x":0.14050500094890595,"y":0.019901055842638017,"z":-0.0028247556183487179,"w":0.9898765683174133},"size":1.9180176258087159,"orthographic":false}